Species,Source,Drydown days,week,Predawn LWP (MPa),A (umol m-2 s-1),gC (mol m-2 s-1),vcmax_obs,jmax_obs,ca (ppm),D (unitless - Pa / Pa(atm)),T (deg C),C3 / C4,Ht of seedlings,Iabs in measurement chamber (liCor) (umol m-2 s-1),Iabs growth in growth chamber (umol m-2 s-1),Iabs_measurement Comments,Iabs_growth Comment
Allocasuarina luehmannii,Posch & Bennett (2009),28,,-0.39,21.72,0.184,,,400,0.008,20,3,0.38,1200,1200,"Iabs growth = natural light + artificial source, min 460","Iabs growth = natural light + artificial source, min 460"
Allocasuarina luehmannii,Posch & Bennett (2009),28,,-0.44,20.96,0.2154,,,400,0.008,20,3,0.38,1200,1200,,
Allocasuarina luehmannii,Posch & Bennett (2009),28,,-0.51,19.28,0.1918,,,400,0.008,20,3,0.38,1200,1200,,
Allocasuarina luehmannii,Posch & Bennett (2009),28,,-0.64,14.82,0.1046,,,400,0.008,20,3,0.38,1200,1200,,
Allocasuarina luehmannii,Posch & Bennett (2009),28,,-0.56,17.51,0.1808,,,400,0.008,20,3,0.38,1200,1200,,
Allocasuarina luehmannii,Posch & Bennett (2009),28,,-0.65,13.81,0.0818,,,400,0.008,20,3,0.38,1200,1200,,
Allocasuarina luehmannii,Posch & Bennett (2009),28,,-0.36,17.68,0.1698,,,400,0.008,20,3,0.38,1200,1200,,
Allocasuarina luehmannii,Posch & Bennett (2009),28,,-0.73,15.74,0.1667,,,400,0.008,20,3,0.38,1200,1200,,
Allocasuarina luehmannii,Posch & Bennett (2009),28,,-0.73,20.62,0.2241,,,400,0.008,20,3,0.38,1200,1200,,
Allocasuarina luehmannii,Posch & Bennett (2009),28,,-0.43,19.53,0.2044,,,400,0.008,20,3,0.38,1200,1200,,
Allocasuarina luehmannii,Posch & Bennett (2009),28,,-0.52,22.48,0.2248,,,400,0.008,20,3,0.38,1200,1200,,
Allocasuarina luehmannii,Posch & Bennett (2009),28,,-0.52,15.99,0.0904,,,400,0.008,20,3,0.38,1200,1200,,
Allocasuarina luehmannii,Posch & Bennett (2009),28,,-0.43,22.31,0.2366,,,400,0.008,20,3,0.38,1200,1200,,
Allocasuarina luehmannii,Posch & Bennett (2009),28,,-0.4,19.44,0.1879,,,400,0.008,20,3,0.38,1200,1200,,
Allocasuarina luehmannii,Posch & Bennett (2009),28,,-0.67,13.89,0.0826,,,400,0.008,20,3,0.38,1200,1200,,
Allocasuarina luehmannii,Posch & Bennett (2009),28,,-0.79,9.51,0.0597,,,400,0.008,20,3,0.38,1200,1200,,
Allocasuarina luehmannii,Posch & Bennett (2009),28,,-0.48,19.19,0.2005,,,400,0.008,20,3,0.38,1200,1200,,
Allocasuarina luehmannii,Posch & Bennett (2009),28,,-0.75,16.84,0.1313,,,400,0.008,20,3,0.38,1200,1200,,
Allocasuarina luehmannii,Posch & Bennett (2009),28,,-0.71,18.35,0.2146,,,400,0.008,20,3,0.38,1200,1200,,
Allocasuarina luehmannii,Posch & Bennett (2009),28,,-0.41,18.52,0.1714,,,400,0.008,20,3,0.38,1200,1200,,
Allocasuarina luehmannii,Posch & Bennett (2009),28,,-0.92,11.95,0.0904,,,400,0.008,20,3,0.38,1200,1200,,
Allocasuarina luehmannii,Posch & Bennett (2009),28,,-2.26,5.81,0.0377,,,400,0.008,20,3,0.38,1200,1200,,
Allocasuarina luehmannii,Posch & Bennett (2009),28,,-3.21,4.21,0.0338,,,400,0.008,20,3,0.38,1200,1200,,
Olea europaea var. Chemlali,Ennajeh et al. (2008),60,,-2.5,15.13,0.0868,,,350,0.015,25,3,1.4,1200,1200,P50 = -7 on branches,"Greenhouse covered with Shade net, PPFD ~ 1200"
Olea europaea var. Chemlali,Ennajeh et al. (2008),60,,-1.91,12.13,0.0751,,,350,0.017,25,3,1.4,1200,1200,Measurements under saturating light,
Olea europaea var. Chemlali,Ennajeh et al. (2008),60,,-1.9,15.79,0.0893,,,350,0.019,25,3,1.4,1200,1200,,
Olea europaea var. Chemlali,Ennajeh et al. (2008),60,,-1.8,13.05,0.0983,,,350,0.015,25,3,1.4,1200,1200,,
Olea europaea var. Chemlali,Ennajeh et al. (2008),60,,-1.36,17.62,0.1162,,,350,0.015,25,3,1.4,1200,1200,,
Olea europaea var. Chemlali,Ennajeh et al. (2008),60,,-0.58,22.69,0.2218,,,350,0.013,25,3,1.4,1200,1200,,
Olea europaea var. Chemlali,Ennajeh et al. (2008),60,,-0.5,29.75,0.3944,,,350,0.011,25,3,1.4,1200,1200,,
Olea europaea var. Chemlali,Ennajeh et al. (2008),60,,-0.48,24.18,0.2836,,,350,0.015,25,3,1.4,1200,1200,,
Olea europaea var. Chemlali,Ennajeh et al. (2008),60,,-0.47,17.87,0.2088,,,350,0.016,25,3,1.4,1200,1200,,
Olea europaea var. Chemlali,Ennajeh et al. (2008),60,,-0.43,21.44,0.2578,,,350,0.012,25,3,1.4,1200,1200,,
Olea europaea var. Chemlali,Ennajeh et al. (2008),60,,-0.36,27.59,0.2836,,,350,0.015,25,3,1.4,1200,1200,,
Olea europaea var. Chemlali,Ennajeh et al. (2008),60,,-6.11,4.65,0.0591,,,350,0.018,25,3,1.4,1200,1200,,
Olea europaea var. Meski,Ennajeh et al. (2008),60,,-0.54,11.63,0.2591,,,350,0.014,25,3,1.4,1200,1200,,
Olea europaea var. Meski,Ennajeh et al. (2008),60,,-0.66,19.28,0.263,,,350,0.017,25,3,1.4,1200,1200,,
Olea europaea var. Meski,Ennajeh et al. (2008),60,,-2.31,7.65,0.1203,,,350,0.016,25,3,1.4,1200,1200,,
Olea europaea var. Meski,Ennajeh et al. (2008),60,,-0.54,14.46,0.1818,,,350,0.019,25,3,1.4,1200,1200,,
Olea europaea var. Meski,Ennajeh et al. (2008),60,,-0.61,17.62,0.2127,,,350,0.018,25,3,1.4,1200,1200,,
Olea europaea var. Meski,Ennajeh et al. (2008),60,,-1.91,10.14,0.1279,,,350,0.017,25,3,1.4,1200,1200,,
Olea europaea var. Meski,Ennajeh et al. (2008),60,,-1.2,10.55,0.133,,,350,0.016,25,3,1.4,1200,1200,,
Olea europaea var. Meski,Ennajeh et al. (2008),60,,-0.5,16.7,0.1998,,,350,0.014,25,3,1.4,1200,1200,,
Olea europaea var. Meski,Ennajeh et al. (2008),60,,-0.5,16.95,0.1831,,,350,0.016,25,3,1.4,1200,1200,,
Olea europaea var. Meski,Ennajeh et al. (2008),60,,-4.29,5.65,0.0781,,,350,0.011,25,3,1.4,1200,1200,,
Olea europaea var. Meski,Ennajeh et al. (2008),60,,-3,8.48,0.0804,,,350,0.018,25,3,1.4,1200,1200,,
Olea europaea var. Meski,Ennajeh et al. (2008),60,,-1.51,13.38,0.1008,,,350,0.021,25,3,1.4,1200,1200,,
Olea europaea var. Meski,Ennajeh et al. (2008),60,,-1.5,12.3,0.0956,,,350,0.02,25,3,1.4,1200,1200,,
Olea europaea var. Meski,Ennajeh et al. (2008),60,,-4.95,5.32,0.1092,,,350,0.014,25,3,1.4,1200,1200,,
Cedrus atlantica,Grieu et al. (1988),35,,-0.3,4.092134831,0.077159564360995,,,300,0.00466095,20,3,0.25,460,300,,Growth chamber PPFD = 300
Cedrus atlantica,Grieu et al. (1988),35,,-0.5,4.767790262,0.108622687692663,,,300,0.00466095,20,3,0.25,460,300,,
Cedrus atlantica,Grieu et al. (1988),35,,-0.69,5.196179775,0.0936402480109163,,,300,0.00466095,20,3,0.25,460,300,,
Cedrus atlantica,Grieu et al. (1988),35,,-1.24,5.492434457,0.0801560522973444,,,300,0.00466095,20,3,0.25,460,300,,
Cedrus atlantica,Grieu et al. (1988),35,,-1.72,3.788164794,0.0404525871407158,,,300,0.00466095,20,3,0.25,460,300,,
Cedrus atlantica,Grieu et al. (1988),35,,-1.96,2.733782772,0.0337104892839298,,,300,0.00466095,20,3,0.25,460,300,,
Cedrus atlantica,Grieu et al. (1988),35,,-2.24,2.398801498,0.0367069772202792,,,300,0.00466095,20,3,0.25,460,300,,
Cedrus atlantica,Grieu et al. (1988),35,,-2.63,0.693857678,0.00674209785678592,,,300,0.00466095,20,3,0.25,460,300,,
Cedrus atlantica,Grieu et al. (1988),35,,-3.24,0.338876404,0.00599297587269858,,,300,0.00466095,20,3,0.25,460,300,,
Pseudotsuga menziesii,Grieu et al. (1988),35,,-0.322076788830715,3.97777777777778,0.0668925864062702,,,300,0.005,20,3,0.25,460,300,,
Pseudotsuga menziesii,Grieu et al. (1988),35,,-0.553315881326353,5.08888888888889,0.115168590884896,,,300,0.005,20,3,0.25,460,300,,
Pseudotsuga menziesii,Grieu et al. (1988),35,,-0.740401396160558,5.44444444444445,0.0943952937721408,,,300,0.005,20,3,0.25,460,300,,
Pseudotsuga menziesii,Grieu et al. (1988),35,,-0.929406631762653,5.31111111111111,0.0736174079036729,,,300,0.005,20,3,0.25,460,300,,
Pseudotsuga menziesii,Grieu et al. (1988),35,,-1.48664921465969,3.4,0.0244328297938731,,,300,0.005,20,3,0.25,460,300,,
Pseudotsuga menziesii,Grieu et al. (1988),35,,-1.70916230366492,2.73333333333333,0.0215992731410951,,,300,0.005,20,3,0.25,460,300,,
Pseudotsuga menziesii,Grieu et al. (1988),35,,-2.47984293193717,0.466666666666667,0.0144683467630918,,,300,0.005,20,3,0.25,460,300,,
Pseudotsuga macrocarpa,Grieu et al. (1988),35,,-0.324049554637877,1.61982185515083,0.0517955801104972,,,300,0.005,20,3,0.25,460,300,,
Pseudotsuga macrocarpa,Grieu et al. (1988),35,,-0.828651321271828,3.46052850873132,0.0787292817679558,,,300,0.005,20,3,0.25,460,300,,
Pseudotsuga macrocarpa,Grieu et al. (1988),35,,-1.31803114757134,3.21245902853651,0.0324585635359116,,,300,0.005,20,3,0.25,460,300,,
Pseudotsuga macrocarpa,Grieu et al. (1988),35,,-1.45713968259847,2.85587303938816,0.0345303867403315,,,300,0.005,20,3,0.25,460,300,,
Pseudotsuga macrocarpa,Grieu et al. (1988),35,,-2.56228588359475,0.914353437899299,0.00966850828729282,,,300,0.005,20,3,0.25,460,300,,
Eucalyptus pilularis,Kelly et al. (2016),12,,-0.09,19.43069458,0.241995501,,,380,0.009875341,25,3,,1500,1000,mentioned,"Naturally sunlit glasshouses, seems 1000 based on 50% attenuation"
Eucalyptus pilularis,Kelly et al. (2016),12,,-0.12,20.45328044,0.247701416,,,380,0.009946334,25,3,,1500,1000,,
Eucalyptus pilularis,Kelly et al. (2016),12,,-0.38,18.4086719,0.166511881,,,380,0.009945181,25,3,,1500,1000,,
Eucalyptus pilularis,Kelly et al. (2016),12,,-0.91,8.993491268,0.052439288,,,380,0.009940986,25,3,,1500,1000,,
Eucalyptus pilularis,Kelly et al. (2016),12,,-0.97,6.856798832,0.043907009,,,380,0.009875374,25,3,,1500,1000,,
Eucalyptus pilularis,Kelly et al. (2016),12,,-1.1,8.041742105,0.039973448,,,380,0.009962432,25,3,,1500,1000,,
Eucalyptus pilularis,Kelly et al. (2016),12,,-1.24,6.647091752,0.040548948,,,380,0.009970568,25,3,,1500,1000,,
Eucalyptus pilularis,Kelly et al. (2016),12,,-1.34,4.39254614,0.015698504,,,380,0.010455633,25,3,,1500,1000,,
Eucalyptus pilularis,Kelly et al. (2016),12,,-2.08,3.397164853,0.015159208,,,380,0.010034532,25,3,,1500,1000,,
Eucalyptus pilularis,Kelly et al. (2016),12,,-0.18,19.9015126,0.183671411,,,380,0.00989644,25,3,,1500,1000,,
Eucalyptus pilularis,Kelly et al. (2016),12,,-0.19,12.81672134,0.101025199,,,380,0.009890205,25,3,,1500,1000,,
Eucalyptus pilularis,Kelly et al. (2016),12,,-0.34,14.15719512,0.101127026,,,380,0.009977807,25,3,,1500,1000,,
Eucalyptus pilularis,Kelly et al. (2016),12,,-0.67,9.177940374,0.055471874,,,380,0.009729126,25,3,,1500,1000,,
Eucalyptus pilularis,Kelly et al. (2016),12,,-0.9,4.972323286,0.019388601,,,380,0.00990954,25,3,,1500,1000,,
Eucalyptus pilularis,Kelly et al. (2016),12,,-1.18,2.22908311,0.011582114,,,380,0.012946012,25,3,,1500,1000,,
Eucalyptus pilularis,Kelly et al. (2016),12,,-1.5,0.866595095,0.007518139,,,380,0.013309262,25,3,,1500,1000,,
Eucalyptus pilularis,Kelly et al. (2016),12,,-1.61,1.570857112,0.008074766,,,380,0.011208887,25,3,,1500,1000,,
Eucalyptus pilularis,Kelly et al. (2016),12,,-2.19,1.002599266,0.007257075,,,380,0.012283435,25,3,,1500,1000,,
Eucalyptus pilularis,Kelly et al. (2016),12,,-0.01,17.826997,0.226425309,,,380,0.009924856,25,3,,1500,1000,,
Eucalyptus pilularis,Kelly et al. (2016),12,,-0.15,16.92106848,0.166114033,,,380,0.010014795,25,3,,1500,1000,,
Eucalyptus pilularis,Kelly et al. (2016),12,,-0.51,14.91868991,0.101930129,,,380,0.00994694,25,3,,1500,1000,,
Eucalyptus pilularis,Kelly et al. (2016),12,,-0.93,8.647750404,0.050584406,,,380,0.009990896,25,3,,1500,1000,,
Eucalyptus pilularis,Kelly et al. (2016),12,,-1.41,4.306614761,0.022214313,,,380,0.009814418,25,3,,1500,1000,,
Eucalyptus pilularis,Kelly et al. (2016),12,,-1.7,3.621776082,0.014985967,,,380,0.010368818,25,3,,1500,1000,,
Eucalyptus pilularis,Kelly et al. (2016),12,,-2.09,0.966418742,0.006325434,,,380,0.013426446,25,3,,1500,1000,,
Eucalyptus pilularis,Kelly et al. (2016),12,,-2.15,0.327289292,0.003171269,,,380,0.013377771,25,3,,1500,1000,,
Eucalyptus pilularis,Kelly et al. (2016),12,,-2.34,0.508055591,0.007436818,,,380,0.012150787,25,3,,1500,1000,,
Eucalyptus pilularis,Kelly et al. (2016),12,,-0.12,15.07553683,0.166823314,,,380,0.009927753,25,3,,1500,1000,,
Eucalyptus pilularis,Kelly et al. (2016),12,,-0.14,13.10629802,0.155208088,,,380,0.009836849,25,3,,1500,1000,,
Eucalyptus pilularis,Kelly et al. (2016),12,,-0.4,10.16749565,0.067941491,,,380,0.00979365,25,3,,1500,1000,,
Eucalyptus pilularis,Kelly et al. (2016),12,,-0.78,5.757980646,0.033208184,,,380,0.010208136,25,3,,1500,1000,,
Eucalyptus pilularis,Kelly et al. (2016),12,,-1.17,4.735832424,0.021484191,,,380,0.009983995,25,3,,1500,1000,,
Eucalyptus pilularis,Kelly et al. (2016),12,,-1.68,2.998482116,0.012828519,,,380,0.012398789,25,3,,1500,1000,,
Eucalyptus pilularis,Kelly et al. (2016),12,,-2.12,1.509202124,0.012032518,,,380,0.01191939,25,3,,1500,1000,,
Eucalyptus pilularis,Kelly et al. (2016),12,,-2.29,0.802043077,0.005116881,,,380,0.01305895,25,3,,1500,1000,,
Eucalyptus pilularis,Kelly et al. (2016),12,,-2.37,1.396077001,0.008224293,,,380,0.011633126,25,3,,1500,1000,,
Eucalyptus pilularis,Kelly et al. (2016),12,,-0.18,13.61963245,0.212005051,,,380,0.010058049,25,3,,1500,1000,,
Eucalyptus pilularis,Kelly et al. (2016),12,,-0.19,16.4925903,0.23674463,,,380,0.009933852,25,3,,1500,1000,,
Eucalyptus pilularis,Kelly et al. (2016),12,,-0.36,14.15962878,0.114348198,,,380,0.009978768,25,3,,1500,1000,,
Eucalyptus pilularis,Kelly et al. (2016),12,,-0.59,12.52057648,0.077368104,,,380,0.009909785,25,3,,1500,1000,,
Eucalyptus pilularis,Kelly et al. (2016),12,,-0.79,8.726762767,0.048531361,,,380,0.009911573,25,3,,1500,1000,,
Eucalyptus pilularis,Kelly et al. (2016),12,,-0.96,7.33208354,0.041389111,,,380,0.009735824,25,3,,1500,1000,,
Eucalyptus pilularis,Kelly et al. (2016),12,,-1.18,6.064232816,0.036014999,,,380,0.009848946,25,3,,1500,1000,,
Eucalyptus pilularis,Kelly et al. (2016),12,,-1.26,5.980357819,0.031073787,,,380,0.010068127,25,3,,1500,1000,,
Eucalyptus pilularis,Kelly et al. (2016),12,,-2.08,2.148437231,0.011117954,,,380,0.011857689,25,3,,1500,1000,,
Eucalyptus pilularis,Kelly et al. (2016),12,,-0.13,19.09681528,0.252861819,,,380,0.009941675,25,3,,1500,1000,,
Eucalyptus pilularis,Kelly et al. (2016),12,,-0.14,17.92477417,0.227428213,,,380,0.009750202,25,3,,1500,1000,,
Eucalyptus pilularis,Kelly et al. (2016),12,,-0.32,21.56798972,0.223638609,,,380,0.009900846,25,3,,1500,1000,,
Eucalyptus pilularis,Kelly et al. (2016),12,,-0.63,8.26107345,0.054109871,,,380,0.009946866,25,3,,1500,1000,,
Eucalyptus pilularis,Kelly et al. (2016),12,,-0.9,8.462369007,0.044021829,,,380,0.010035603,25,3,,1500,1000,,
Eucalyptus pilularis,Kelly et al. (2016),12,,-1.07,6.175213662,0.028370323,,,380,0.009952317,25,3,,1500,1000,,
Eucalyptus pilularis,Kelly et al. (2016),12,,-1.25,4.539497452,0.021946113,,,380,0.009935723,25,3,,1500,1000,,
Eucalyptus pilularis,Kelly et al. (2016),12,,-1.53,5.358209812,0.023161439,,,380,0.009889397,25,3,,1500,1000,,
Eucalyptus pilularis,Kelly et al. (2016),12,,-1.99,5.019752551,0.024362239,,,380,0.009866743,25,3,,1500,1000,,
Eucalyptus populnea,Kelly et al. (2016),12,,-0.27,12.28278421,0.157366389,,,380,0.009784558,25,3,,1500,1000,,
Eucalyptus populnea,Kelly et al. (2016),12,,-0.41,11.49968831,0.154743096,,,380,0.010672344,25,3,,1500,1000,,
Eucalyptus populnea,Kelly et al. (2016),12,,-0.57,12.43481829,0.136981081,,,380,0.012357175,25,3,,1500,1000,,
Eucalyptus populnea,Kelly et al. (2016),12,,-0.69,15.48934504,0.122092849,,,380,0.015114173,25,3,,1500,1000,,
Eucalyptus populnea,Kelly et al. (2016),12,,-0.78,10.88698442,0.148320057,,,380,0.009788523,25,3,,1500,1000,,
Eucalyptus populnea,Kelly et al. (2016),12,,-1.02,12.51230938,0.087976064,,,380,0.017419148,25,3,,1500,1000,,
Eucalyptus populnea,Kelly et al. (2016),12,,-1.27,11.38190526,0.093659112,,,380,0.014643962,25,3,,1500,1000,,
Eucalyptus populnea,Kelly et al. (2016),12,,-1.85,11.04132434,0.100999327,,,380,0.013616742,25,3,,1500,1000,,
Eucalyptus populnea,Kelly et al. (2016),12,,-2.49,10.69819704,0.108194913,,,380,0.011964047,25,3,,1500,1000,,
Eucalyptus populnea,Kelly et al. (2016),12,,-2.89,7.037948581,0.054963629,,,380,0.013377025,25,3,,1500,1000,,
Eucalyptus populnea,Kelly et al. (2016),12,,-0.29,13.36889837,0.261500276,,,380,0.005955742,25,3,,1500,1000,,
Eucalyptus populnea,Kelly et al. (2016),12,,-0.35,13.158708,0.127403596,,,380,0.013131706,25,3,,1500,1000,,
Eucalyptus populnea,Kelly et al. (2016),12,,-0.41,13.04683304,0.118407488,,,380,0.014402042,25,3,,1500,1000,,
Eucalyptus populnea,Kelly et al. (2016),12,,-0.73,13.57855331,0.103930335,,,380,0.015337656,25,3,,1500,1000,,
Eucalyptus populnea,Kelly et al. (2016),12,,-0.79,14.30116222,0.137856691,,,380,0.015122308,25,3,,1500,1000,,
Eucalyptus populnea,Kelly et al. (2016),12,,-0.89,10.89018338,0.163876473,,,380,0.009726421,25,3,,1500,1000,,
Eucalyptus populnea,Kelly et al. (2016),12,,-1.49,10.76876545,0.125687584,,,380,0.010331648,25,3,,1500,1000,,
Eucalyptus populnea,Kelly et al. (2016),12,,-2.29,10.84276691,0.106734305,,,380,0.013269391,25,3,,1500,1000,,
Eucalyptus populnea,Kelly et al. (2016),12,,-2.61,7.469074385,0.061141329,,,380,0.013371287,25,3,,1500,1000,,
Eucalyptus populnea,Kelly et al. (2016),12,,-3.19,4.169383323,0.051551633,,,380,0.013269391,25,3,,1500,1000,,
Eucalyptus populnea,Kelly et al. (2016),12,,-0.26,14.42939331,0.252579481,,,380,0.008785246,25,3,,1500,1000,,
Eucalyptus populnea,Kelly et al. (2016),12,,-0.42,14.10752258,0.185949026,,,380,0.008265205,25,3,,1500,1000,,
Eucalyptus populnea,Kelly et al. (2016),12,,-0.5,17.1735799,0.149159194,,,380,0.014894509,25,3,,1500,1000,,
Eucalyptus populnea,Kelly et al. (2016),12,,-0.63,12.86685517,0.107378899,,,380,0.013725373,25,3,,1500,1000,,
Eucalyptus populnea,Kelly et al. (2016),12,,-0.72,13.27940108,0.113492953,,,380,0.012242599,25,3,,1500,1000,,
Eucalyptus populnea,Kelly et al. (2016),12,,-0.91,10.64414286,0.11689021,,,380,0.011249627,25,3,,1500,1000,,
Eucalyptus populnea,Kelly et al. (2016),12,,-2.29,11.65223461,0.062905591,,,380,0.017071575,25,3,,1500,1000,,
Eucalyptus populnea,Kelly et al. (2016),12,,-3.03,12.02460373,0.128280749,,,380,0.011848304,25,3,,1500,1000,,
Eucalyptus populnea,Kelly et al. (2016),12,,-3.45,7.766492151,0.066368809,,,380,0.013698689,25,3,,1500,1000,,
Eucalyptus populnea,Kelly et al. (2016),12,,-3.98,3.508380576,0.035706868,,,380,0.013725373,25,3,,1500,1000,,
Eucalyptus populnea,Kelly et al. (2016),12,,-0.26,14.00888722,0.198187406,,,380,0.012134503,25,3,,1500,1000,,
Eucalyptus populnea,Kelly et al. (2016),12,,-0.29,14.37366831,0.216106671,,,380,0.014005492,25,3,,1500,1000,,
Eucalyptus populnea,Kelly et al. (2016),12,,-0.42,14.95149773,0.186035046,,,380,0.009084865,25,3,,1500,1000,,
Eucalyptus populnea,Kelly et al. (2016),12,,-0.55,13.59352285,0.159083313,,,380,0.011510769,25,3,,1500,1000,,
Eucalyptus populnea,Kelly et al. (2016),12,,-0.65,15.03558573,0.164138223,,,380,0.01325416,25,3,,1500,1000,,
Eucalyptus populnea,Kelly et al. (2016),12,,-0.82,14.40452925,0.115543515,,,380,0.014155644,25,3,,1500,1000,,
Eucalyptus populnea,Kelly et al. (2016),12,,-1.01,12.99110921,0.08420265,,,380,0.015973238,25,3,,1500,1000,,
Eucalyptus populnea,Kelly et al. (2016),12,,-1.39,12.58944924,0.066259219,,,380,0.017723487,25,3,,1500,1000,,
Eucalyptus populnea,Kelly et al. (2016),12,,-1.49,10.35525555,0.134874328,,,380,0.010131249,25,3,,1500,1000,,
Eucalyptus populnea,Kelly et al. (2016),12,,-1.75,11.5555403,0.063734071,,,380,0.014632421,25,3,,1500,1000,,
Eucalyptus populnea,Kelly et al. (2016),12,,-1.94,9.895843237,0.16822907,,,380,0.009769744,25,3,,1500,1000,,
Eucalyptus populnea,Kelly et al. (2016),12,,-2.62,7.897418432,0.096068134,,,380,0.014997551,25,3,,1500,1000,,
Eucalyptus populnea,Kelly et al. (2016),12,,-2.88,4.297623056,0.046373044,,,380,0.016740942,25,3,,1500,1000,,
Eucalyptus populnea,Kelly et al. (2016),12,,-0.38,16.40201473,0.251331845,,,380,0.011709196,25,3,,1500,1000,,
Eucalyptus populnea,Kelly et al. (2016),12,,-0.47,14.40022501,0.225199891,,,380,0.012860043,25,3,,1500,1000,,
Eucalyptus populnea,Kelly et al. (2016),12,,-0.52,14.53533182,0.220555569,,,380,0.009474096,25,3,,1500,1000,,
Eucalyptus populnea,Kelly et al. (2016),12,,-0.65,12.48413027,0.126002413,,,380,0.0124044,25,3,,1500,1000,,
Eucalyptus populnea,Kelly et al. (2016),12,,-0.76,13.33045998,0.111358205,,,380,0.013048253,25,3,,1500,1000,,
Eucalyptus populnea,Kelly et al. (2016),12,,-0.87,14.70080034,0.102539091,,,380,0.016001368,25,3,,1500,1000,,
Eucalyptus populnea,Kelly et al. (2016),12,,-1.02,14.41474655,0.090793074,,,380,0.016763732,25,3,,1500,1000,,
Eucalyptus populnea,Kelly et al. (2016),12,,-1.53,12.74936512,0.103650758,,,380,0.010461858,25,3,,1500,1000,,
Eucalyptus populnea,Kelly et al. (2016),12,,-1.84,10.96486395,0.132028668,,,380,0.010913854,25,3,,1500,1000,,
Eucalyptus populnea,Kelly et al. (2016),12,,-2.06,11.58251824,0.063611086,,,380,0.01437252,25,3,,1500,1000,,
Eucalyptus populnea,Kelly et al. (2016),12,,-2.45,9.794058346,0.085748323,,,380,0.013842241,25,3,,1500,1000,,
Eucalyptus populnea,Kelly et al. (2016),12,,-2.87,7.103986425,0.045494233,,,380,0.015280082,25,3,,1500,1000,,
Eucalyptus populnea,Kelly et al. (2016),12,,-0.27,17.57143154,0.245206506,,,380,0.00829448,25,3,,1500,1000,,
Eucalyptus populnea,Kelly et al. (2016),12,,-0.43,15.89882036,0.122213169,,,380,0.011949045,25,3,,1500,1000,,
Eucalyptus populnea,Kelly et al. (2016),12,,-0.51,16.31538676,0.133659768,,,380,0.01342495,25,3,,1500,1000,,
Eucalyptus populnea,Kelly et al. (2016),12,,-0.62,17.64172715,0.117626871,,,380,0.014683638,25,3,,1500,1000,,
Eucalyptus populnea,Kelly et al. (2016),12,,-0.79,16.61171243,0.126437567,,,380,0.014620344,25,3,,1500,1000,,
Eucalyptus populnea,Kelly et al. (2016),12,,-0.93,12.16800404,0.169046751,,,380,0.008897285,25,3,,1500,1000,,
Eucalyptus populnea,Kelly et al. (2016),12,,-0.97,14.92251646,0.098939784,,,380,0.013634256,25,3,,1500,1000,,
Eucalyptus populnea,Kelly et al. (2016),12,,-2.99,12.75917396,0.131167343,,,380,0.013058195,25,3,,1500,1000,,
Eucalyptus populnea,Kelly et al. (2016),12,,-3.31,7.053583537,0.065565766,,,380,0.016195062,25,3,,1500,1000,,
Eucalyptus populnea,Kelly et al. (2016),12,,-3.91,3.347993112,0.035811804,,,380,0.014620344,25,3,,1500,1000,,
Glycine max,Liu et al. (2005),21,,-0.01,16.02,0.3222,,,380,0.015,28,3,,1500,1100,photosynthetic light saturation,"Sunlight + metal halide lamps, min 600"
Glycine max,Liu et al. (2005),21,,-0.04,26.81,0.2805,,,380,0.015,28,3,,1500,1100,,
Glycine max,Liu et al. (2005),21,,-0.1,22.65,0.2209,,,380,0.015,28,3,,1500,1100,,
Glycine max,Liu et al. (2005),21,,-0.14,12.94,0.0935,,,380,0.015,28,3,,1500,1100,,
Glycine max,Liu et al. (2005),21,,-0.76,9.64,0.0711,,,380,0.015,28,3,,1500,1100,,
Glycine max,Liu et al. (2005),21,,-1.18,5.6,0.0448,,,380,0.015,28,3,,1500,1100,,
Glycine max,Liu et al. (2005),21,,-1.69,4.18,0.0433,,,380,0.015,28,3,,1500,1100,,
Glycine max,Liu et al. (2005),21,,-1.79,6.03,0.0363,,,380,0.015,28,3,,1500,1100,,
Glycine max,Liu et al. (2005),21,,-2.3,1.43,0.0223,,,380,0.015,28,3,,1500,1100,,
Quercus coccifera,Peguero-Pina et al. (2009),12,,-4.26,0.82,0.0249,,,350,0.02,30,3,,1300,1300,,"90% of natural light, 1300"
Quercus coccifera,Peguero-Pina et al. (2009),12,,-2.1,1.42,0.0379,,,350,0.02,30,3,,1300,1300,,
Quercus coccifera,Peguero-Pina et al. (2009),12,,-2.98,0.97,0.0249,,,350,0.02,30,3,,1300,1300,,
Quercus coccifera,Peguero-Pina et al. (2009),12,,-0.1,12.35,0.1364,,,350,0.02,30,3,,1300,1300,,
Quercus coccifera,Peguero-Pina et al. (2009),12,,-0.58,12.08,0.1158,,,350,0.02,30,3,,1300,1300,,
Quercus coccifera,Peguero-Pina et al. (2009),12,,-6.82,0.44,0.0087,,,350,0.02,30,3,,1300,1300,,
Quercus ilex,Peguero-Pina et al. (2009),12,,-3.55,2.19,0.0482,,,350,0.02,30,3,,1300,1300,,
Quercus ilex,Peguero-Pina et al. (2009),12,,-2.59,3.93,0.086,,,350,0.02,30,3,,1300,1300,,
Quercus ilex,Peguero-Pina et al. (2009),12,,-1.68,5.96,0.1191,,,350,0.02,30,3,,1300,1300,,
Quercus ilex,Peguero-Pina et al. (2009),12,,-0.12,12.85,0.2083,,,350,0.02,30,3,,1300,1300,,
Quercus ilex,Peguero-Pina et al. (2009),12,,-4.26,0.97,0.0373,,,350,0.02,30,3,,1300,1300,,
Quercus suber,Peguero-Pina et al. (2009),12,,-0.47,14.54,0.2808,,,350,0.02,30,3,,1300,1300,,
Quercus suber,Peguero-Pina et al. (2009),12,,-4.74,2.22,0.0395,,,350,0.02,30,3,,1300,1300,,
Quercus suber,Peguero-Pina et al. (2009),12,,-4.12,2.22,0.039,,,350,0.02,30,3,,1300,1300,,
Quercus suber,Peguero-Pina et al. (2009),12,,-1.76,11.3,0.1905,,,350,0.02,30,3,,1300,1300,,
Quercus suber,Peguero-Pina et al. (2009),12,,-2.84,8.21,0.118,,,350,0.02,30,3,,1300,1300,,
Pinus sylvestris,Salmon et al. (2020),42,W2,-0.362,0.99,0.006,,,400,0.01644,20,3,0.75,800,800,,
Pinus sylvestris,Salmon et al. (2020),42,W2,-0.533,0.21,0.007,,,400,0.01719,20,3,0.75,800,800,,
Pinus sylvestris,Salmon et al. (2020),42,W5,-0.905,0.36,0.009,,,400,0.0175,20,3,0.75,800,800,,
Pinus sylvestris,Salmon et al. (2020),42,W5,-0.744,1.31,0.007,,,400,0.01846,20,3,0.75,800,800,,
Pinus sylvestris,Salmon et al. (2020),42,W5,-0.861,1.21,0.006,,,400,0.02006,20,3,0.75,800,800,,
Pinus sylvestris,Salmon et al. (2020),42,W6,-1.401,,0.002,,,400,0.0148,20,3,0.75,800,800,,
Pinus sylvestris,Salmon et al. (2020),42,W6,-1.832,0.29,0.012,,,400,0.01464,20,3,0.75,800,800,,
Pinus sylvestris,Salmon et al. (2020),42,W6,-1.853,0.77,0.005,,,400,0.01475,20,3,0.75,800,800,,
Picea abies,Salmon et al. (2020),42,W2,-1.155,1.27,0.006745,,,400,0.01061,20,3,0.57,800,800,,
Picea abies,Salmon et al. (2020),42,W2,-1.15,3.84,0.029195,26.19,35.91,400,0.01455,20,3,0.57,800,800,,
Picea abies,Salmon et al. (2020),42,W3,-0.88,0.91,0.00374,48.45,51.09,400,0.0148,20,3,0.57,800,800,,
Picea abies,Salmon et al. (2020),42,W3,-2.635,0.29,0.004355,,,400,0.01499,20,3,0.57,800,800,,
Picea abies,Salmon et al. (2020),42,W5,-2.942,0.13,0.000895,,,400,0.01449,20,3,0.57,800,800,,
Picea abies,Salmon et al. (2020),42,W5,-1.906,0.4,0.01097,4.21,8.2,400,0.01453,20,3,0.57,800,800,,
Picea abies,Salmon et al. (2020),42,W0,-0.485,6.07,,,,400,0.01308,20,3,0.57,800,800,,
Picea abies,Salmon et al. (2020),42,W6,-3,0.22,,,,400,0.0142,20,3,0.57,800,800,,
Picea abies,Salmon et al. (2020),42,W5,-3.9,,,,,400,,20,3,0.57,800,800,,
Picea abies,Salmon et al. (2020),42,W0,-0.485,6.07,0.050645,31.08,63.67,400,0.01373,20,3,0.57,800,800,,
Picea abies,Salmon et al. (2020),42,W0,-0.48,2.85,0.023675,,,400,0.01618,20,3,0.57,800,800,,
Picea abies,Salmon et al. (2020),42,W0,-0.62,4.67,0.043535,28.46,46.75,400,0.01683,20,3,0.57,800,800,,
Picea abies,Salmon et al. (2020),42,W0,-0.74,4.08,0.029175,31.19,58.28,400,0.01377,20,3,0.57,800,800,,
Populus tremula,Salmon et al. (2020),21,W1,-1.188,9.56,0.14469,45.13,73.95,400,0.01185,20,3,0.98,800,800,,
Populus tremula,Salmon et al. (2020),21,W1,-1.126,9.97,0.13322,44.36,80.9,400,0.01203,20,3,0.98,800,800,,
Populus tremula,Salmon et al. (2020),21,W1,-1.365,7.03,0.05271,,,400,0.01297,20,3,0.98,800,800,,
Populus tremula,Salmon et al. (2020),21,W1,-1.182,6.67,0.09596,27.09,52.13,400,0.0129,20,3,0.98,800,800,,
Populus tremula,Salmon et al. (2020),21,W1,,6.36,0.09116,33.61,57.71,400,0.01319,20,3,0.98,800,800,,
Populus tremula,Salmon et al. (2020),21,W2,-0.945,4.74,0.06725,26.79,37.97,400,0.01302,20,3,0.98,800,800,,
Populus tremula,Salmon et al. (2020),21,W2,-1.323,3.33,0.04564,18.87,31.26,400,0.01325,20,3,0.98,800,800,,
Populus tremula,Salmon et al. (2020),21,W2,-0.84,11.15,0.22167,53.2,76.15,400,0.00971,20,3,0.98,800,800,,
Populus tremula,Salmon et al. (2020),21,W0,-0.358,8.89,,55.44,79.93,400,0.0142,20,3,0.98,800,800,,
Populus tremula,Salmon et al. (2020),21,W0,-0.358,10,,55.86,74.26,400,0.01243,20,3,0.98,800,800,,
Populus tremula,Salmon et al. (2020),21,W0,-1.028,15.55,,,,400,0.01174,20,3,0.98,800,800,,
Populus tremula,Salmon et al. (2020),21,W2,-3.27,0.22,0.00404,,,400,0.01457,20,3,0.98,800,800,,
Populus tremula,Salmon et al. (2020),21,W2,-3.31,0.33,0.0134,,,400,0.01468,20,3,0.98,800,800,,
Populus tremula,Salmon et al. (2020),21,W2,-1.58,4.84,0.0497,25.66,51.31,400,0.01404,20,3,0.98,800,800,,
Populus tremula,Salmon et al. (2020),21,W0,-0.358,8.89,0.10455,,,400,0.0142,20,3,0.98,800,800,,
Populus tremula,Salmon et al. (2020),21,W0,-0.358,10,0.15322,,,400,0.01243,20,3,0.98,800,800,,
Populus tremula,Salmon et al. (2020),21,W0,-0.74,11.05,0.17457,55.24,95.64,400,0.01192,20,3,0.98,800,800,,
Betula pendula,Salmon et al. (2020),28,W1,-0.938,2.37,0.016,29.04,40.44,400,0.01713,20,3,0.55,800,800,,
Betula pendula,Salmon et al. (2020),28,W1,-0.925,4.49,0.0261,44.88,78.56,400,0.01353,20,3,0.55,800,800,,
Betula pendula,Salmon et al. (2020),28,W1,-0.728,6.46,0.1168,32.49,56.77,400,0.01468,20,3,0.55,800,800,,
Betula pendula,Salmon et al. (2020),28,W1,-0.536,1.98,0.0142,17.12,37.32,400,0.01512,20,3,0.55,800,800,,
Betula pendula,Salmon et al. (2020),28,W1,-0.48,3.08,0.0296,24.27,47.47,400,0.01475,20,3,0.55,800,800,,
Betula pendula,Salmon et al. (2020),28,W1,-0.475,3.17,0.0284,20.32,40.95,400,0.01465,20,3,0.55,800,800,,
Betula pendula,Salmon et al. (2020),28,W2,-0.735,5.05,0.0458,33.96,59.42,400,0.01655,20,3,0.55,800,800,,
Betula pendula,Salmon et al. (2020),28,W2,-0.71,3.33,0.022,26.03,49.22,400,0.0158,20,3,0.55,800,800,,
Betula pendula,Salmon et al. (2020),28,W2,-0.858,3.51,0.0218,28.13,47.46,400,0.01513,20,3,0.55,800,800,,
Quercus petraea,Epron and Dreyer (1990),20,,-5.72164948453608,-0.241935483870968,0.00336134453781513,,,350,0.008,22,3,,400,300,,
Quercus petraea,Epron and Dreyer (1990),20,,-3.18556701030928,-0.241935483870968,0.00201680672268908,,,350,0.008,22,3,,400,300,,
Quercus petraea,Epron and Dreyer (1990),20,,-2.87628865979381,-0.338709677419355,0.00336134453781513,,,350,0.008,22,3,,400,300,,
Quercus petraea,Epron and Dreyer (1990),20,,-0.958762886597938,2.08064516129032,0.0127731092436975,,,350,0.008,22,3,,400,300,,
Quercus petraea,Epron and Dreyer (1990),20,,-0.958762886597938,5.66129032258065,0.0322689075630252,,,350,0.008,22,3,,400,300,,
Quercus petraea,Epron and Dreyer (1990),20,,-0.154639175257731,6.91935483870968,0.0490756302521008,,,350,0.008,22,3,,400,300,,
Quercus petraea,Epron and Dreyer (1990),20,,-0.185567010309278,7.01612903225806,0.0517647058823529,,,350,0.008,22,3,,400,300,,
Quercus petraea,Epron and Dreyer (1990),20,,-2.47422680412371,1.69354838709677,0.0100840336134454,,,350,0.008,22,3,,400,300,,
Quercus petraea,Epron and Dreyer (1990),20,,-2.25773195876289,1.01612903225806,0.00672268907563025,,,350,0.008,22,3,,400,300,,
Quercus petraea,Epron and Dreyer (1990),20,,-1.48453608247423,4.5,0.0295798319327731,,,350,0.008,22,3,,400,300,,
Quercus petraea,Epron and Dreyer (1990),20,,-1.36082474226804,2.46774193548387,0.0154621848739496,,,350,0.008,22,3,,400,300,,
Quercus petraea,Epron and Dreyer (1990),20,,-1.17525773195876,2.75806451612903,0.0215126050420168,,,350,0.008,22,3,,400,300,,
Quercus petraea,Epron and Dreyer (1990),20,,-1.17525773195876,2.37096774193548,0.0194957983193277,,,350,0.008,22,3,,400,300,,
Quercus petraea,Epron and Dreyer (1990),20,,-0.77319587628866,2.85483870967742,0.0302521008403361,,,350,0.008,22,3,,400,300,,
Quercus petraea,Epron and Dreyer (1990),20,,-0.587628865979381,2.37096774193548,0.0295798319327731,,,350,0.008,22,3,,400,300,,
Quercus petraea,Epron and Dreyer (1990),20,,-0.371134020618556,7.59677419354839,0.0598319327731093,,,350,0.008,22,3,,400,300,,
Quercus petraea,Epron and Dreyer (1990),20,,-0.247422680412371,6.62903225806452,0.0484033613445378,,,350,0.008,22,3,,400,300,,
Quercus petraea,Epron and Dreyer (1990),20,,-0.68041237113402,4.88709677419355,0.0403361344537815,,,350,0.008,22,3,,400,300,,
Quercus petraea,Epron and Dreyer (1990),20,,-0.587628865979381,5.2741935483871,0.0450420168067227,,,350,0.008,22,3,,400,300,,
Quercus pubescens,Epron and Dreyer (1990),20,,-2.62886597938144,3.456,0.0284745762711864,,,350,0.008,22,3,,400,300,,
Quercus pubescens,Epron and Dreyer (1990),20,,-2.5979381443299,2.976,0.023728813559322,,,350,0.008,22,3,,400,300,,
Quercus pubescens,Epron and Dreyer (1990),20,,-1.39175257731959,6.528,0.0705084745762712,,,350,0.008,22,3,,400,300,,
Quercus pubescens,Epron and Dreyer (1990),20,,-0.463917525773196,5.952,0.0732203389830509,,,350,0.008,22,3,,400,300,,
Quercus pubescens,Epron and Dreyer (1990),20,,-4.51546391752577,-0.096,0.00203389830508475,,,350,0.008,22,3,,400,300,,
Quercus pubescens,Epron and Dreyer (1990),20,,-3.98969072164948,-0.384,0.00610169491525424,,,350,0.008,22,3,,400,300,,
Quercus pubescens,Epron and Dreyer (1990),20,,-3.98969072164948,-0.576,0.00135593220338983,,,350,0.008,22,3,,400,300,,
Quercus pubescens,Epron and Dreyer (1990),20,,-2.22680412371134,1.056,0.00949152542372882,,,350,0.008,22,3,,400,300,,
Quercus pubescens,Epron and Dreyer (1990),20,,-2.01030927835052,3.168,0.0196610169491525,,,350,0.008,22,3,,400,300,,
Quercus pubescens,Epron and Dreyer (1990),20,,-1.08247422680412,5.856,0.0705084745762712,,,350,0.008,22,3,,400,300,,
Quercus pubescens,Epron and Dreyer (1990),20,,-0.618556701030927,2.4,0.0230508474576271,,,350,0.008,22,3,,400,300,,
Quercus pubescens,Epron and Dreyer (1990),20,,-0.463917525773196,4.896,0.0542372881355932,,,350,0.008,22,3,,400,300,,
Quercus pubescens,Epron and Dreyer (1990),20,,-0.34020618556701,6.432,0.0711864406779661,,,350,0.008,22,3,,400,300,,
Quercus pubescens,Epron and Dreyer (1990),20,,-2.78350515463918,4.128,0.0230508474576271,,,350,0.008,22,3,,400,300,,
Quercus pubescens,Epron and Dreyer (1990),20,,-2.72164948453608,1.152,0.0128813559322034,,,350,0.008,22,3,,400,300,,
Quercus pubescens,Epron and Dreyer (1990),20,,-2.38144329896907,2.784,0.0189830508474576,,,350,0.008,22,3,,400,300,,
Quercus pubescens,Epron and Dreyer (1990),20,,-0.587628865979381,6.048,0.0345762711864407,,,350,0.008,22,3,,400,300,,
Quercus pubescens,Epron and Dreyer (1990),20,,-0.371134020618556,5.76,0.031864406779661,,,350,0.008,22,3,,400,300,,
Quercus pubescens,Epron and Dreyer (1990),20,,-0.34020618556701,4.608,0.0406779661016949,,,350,0.008,22,3,,400,300,,
Quercus pubescens,Epron and Dreyer (1990),20,,-0.216494845360825,4.992,0.0813559322033898,,,350,0.008,22,3,,400,300,,
Quercus pubescens,Epron and Dreyer (1990),20,,-0.247422680412371,8.448,0.0874576271186441,,,350,0.008,22,3,,400,300,,
Quercus ilex,Epron and Dreyer (1990),20,,-3.4639175257732,0.768,0.00470588235294118,,,350,0.008,22,3,,400,300,,
Quercus ilex,Epron and Dreyer (1990),20,,-1.42268041237113,9.696,0.0584873949579832,,,350,0.008,22,3,,400,300,,
Quercus ilex,Epron and Dreyer (1990),20,,-5.04123711340206,0.48,0.0026890756302521,,,350,0.008,22,3,,400,300,,
Quercus ilex,Epron and Dreyer (1990),20,,-3.18556701030928,1.92,0.00672268907563025,,,350,0.008,22,3,,400,300,,
Quercus ilex,Epron and Dreyer (1990),20,,-3.15463917525773,1.92,0.00873949579831933,,,350,0.008,22,3,,400,300,,
Quercus ilex,Epron and Dreyer (1990),20,,-2.84536082474227,2.592,0.0121008403361345,,,350,0.008,22,3,,400,300,,
Quercus ilex,Epron and Dreyer (1990),20,,-2.65979381443299,1.536,0.00739495798319328,,,350,0.008,22,3,,400,300,,
Quercus ilex,Epron and Dreyer (1990),20,,-0.989690721649485,9.792,0.0578151260504202,,,350,0.008,22,3,,400,300,,
Quercus ilex,Epron and Dreyer (1990),20,,-0.835051546391752,11.616,0.0860504201680672,,,350,0.008,22,3,,400,300,,
Quercus ilex,Epron and Dreyer (1990),20,,-0.185567010309278,9.888,0.0847058823529412,,,350,0.008,22,3,,400,300,,
Quercus ilex,Epron and Dreyer (1990),20,,-1.94845360824742,4.704,0.0174789915966387,,,350,0.008,22,3,,400,300,,
Quercus ilex,Epron and Dreyer (1990),20,,-1.54639175257732,8.448,0.0436974789915966,,,350,0.008,22,3,,400,300,,
Quercus ilex,Epron and Dreyer (1990),20,,-0.494845360824742,10.752,0.0988235294117647,,,350,0.008,22,3,,400,300,,
Quercus ilex,Epron and Dreyer (1990),20,,-0.309278350515464,9.6,0.0840336134453782,,,350,0.008,22,3,,400,300,,
Broussonetia papyrifera,Liu et al. (2010),20,,-0.925233644859812,9.18771175976687,0.0928235678442121,,,360,0.021,28,3,,1500,1000,"Growth conditions = 900-1300 on hill, 1000 in glasshouse",
Broussonetia papyrifera,Liu et al. (2010),20,,-0.813084112149532,8.80367461846199,0.0920119826498854,,,360,0.021,28,3,,1500,1000,,
Broussonetia papyrifera,Liu et al. (2010),20,,-0.775700934579438,9.26474045537609,0.09699719149554,,,360,0.021,28,3,,1500,1000,,
Broussonetia papyrifera,Liu et al. (2010),20,,-1.18691588785047,5.31207586309081,0.0339589704267657,,,360,0.021,28,3,,1500,1000,,
Broussonetia papyrifera,Liu et al. (2010),20,,-1.26168224299065,2.62187978465944,0.0177936225624087,,,360,0.021,28,3,,1500,1000,,
Broussonetia papyrifera,Liu et al. (2010),20,,-1.44859813084112,0.919642416160414,0.00647907006288515,,,360,0.021,28,3,,1500,1000,,
Cinnamomum bodinieri,Liu et al. (2010),20,,-1.29906542056075,5.71984435797665,0.0600649350649352,,,360,0.021,28,3,,1500,1000,"Growth conditions = 900-1300 on hill, 1000 in glasshouse",
Cinnamomum bodinieri,Liu et al. (2010),20,,-1.07476635514019,5.99221789883269,0.0681818181818182,,,360,0.021,28,3,,1500,1000,,
Cinnamomum bodinieri,Liu et al. (2010),20,,-1.11214953271028,6.1011673151751,0.0592532467532468,,,360,0.021,28,3,,1500,1000,,
Cinnamomum bodinieri,Liu et al. (2010),20,,-1.29906542056075,3.10505836575876,0.0381493506493508,,,360,0.021,28,3,,1500,1000,,
Cinnamomum bodinieri,Liu et al. (2010),20,,-1.52336448598131,1.30739299610894,0.0227272727272727,,,360,0.021,28,3,,1500,1000,,
Cinnamomum bodinieri,Liu et al. (2010),20,,-1.85981308411215,0.326848249027236,0.0121753246753246,,,360,0.021,28,3,,1500,1000,,
Platycarya longipes,Liu et al. (2010),20,,-1.2746457642448,7.13492399271904,0.061722342439816,,,360,0.021,28,3,,1500,1000,"Growth conditions = 900-1300 on hill, 1000 in glasshouse",
Platycarya longipes,Liu et al. (2010),20,,-1.45408501658125,6.53337924927436,0.0729949959426561,,,360,0.021,28,3,,1500,1000,,
Platycarya longipes,Liu et al. (2010),20,,-1.1463973470003,6.39136124366607,0.0587841493102516,,,360,0.021,28,3,,1500,1000,,
Platycarya longipes,Liu et al. (2010),20,,-1.63985529092553,2.34460569685641,0.0209561806870437,,,360,0.021,28,3,,1500,1000,,
Platycarya longipes,Liu et al. (2010),20,,-2.26789267410311,1.30516062380086,0.00888558290505825,,,360,0.021,28,3,,1500,1000,,
Platycarya longipes,Liu et al. (2010),20,,-2.9856496834489,0.594244108820774,0.00566675682986212,,,360,0.021,28,3,,1500,1000,,
Pyracantha fortuneana,Liu et al. (2010),20,,-1.30479348809165,9.33333333333333,0.145464126997925,,,360,0.021,28,3,,1500,1000,,
Pyracantha fortuneana,Liu et al. (2010),20,,-1.19264395538137,9.71171171171171,0.133388974606934,,,360,0.021,28,3,,1500,1000,,
Pyracantha fortuneana,Liu et al. (2010),20,,-1.57265601447091,10.2162162162162,0.17008505101431,,,360,0.021,28,3,,1500,1000,,
Pyracantha fortuneana,Liu et al. (2010),20,,-1.94648779017184,6.81081081081081,0.074321167407343,,,360,0.021,28,3,,1500,1000,,
Pyracantha fortuneana,Liu et al. (2010),20,,-2.39508592101296,4.41441441441441,0.0373031955928851,,,360,0.021,28,3,,1500,1000,"Growth conditions = 900-1300 on hill, 1000 in glasshouse",
Pyracantha fortuneana,Liu et al. (2010),20,,-2.69415134157371,2.01801801801802,0.0147745917225343,,,360,0.021,28,3,,1500,1000,,
Pteroceltis tatarinowii,Liu et al. (2010),20,,-1.11214953271028,5.89620150515729,0.0563704716336297,,,360,0.021,28,3,,1500,1000,,
Pteroceltis tatarinowii,Liu et al. (2010),20,,-1.22429906542056,6.27915624165587,0.073421052631579,,,360,0.021,28,3,,1500,1000,,
Pteroceltis tatarinowii,Liu et al. (2010),20,,-1.22429906542056,4.79164153126514,0.0624641148325358,,,360,0.021,28,3,,1500,1000,,
Pteroceltis tatarinowii,Liu et al. (2010),20,,-1.63551401869159,2.6041198983376,0.0161978810663022,,,360,0.021,28,3,,1500,1000,,
Pteroceltis tatarinowii,Liu et al. (2010),20,,-2.23364485981308,0.744726510349182,0.0113277511961724,,,360,0.021,28,3,,1500,1000,,
Pteroceltis tatarinowii,Liu et al. (2010),20,,-3.39252336448598,0.143019610557857,0.00564593301435434,,,360,0.021,28,3,,1500,1000,,
Rosa cymosa,Liu et al. (2010),20,,-1.078,8.236,0.0626375,,,360,0.021,28,3,,1500,1000,"Growth conditions = 900-1300 on hill, 1000 in glasshouse",
Rosa cymosa,Liu et al. (2010),20,,-1.436,4.616,0.0329125,,,360,0.021,28,3,,1500,1000,,
Rosa cymosa,Liu et al. (2010),20,,-1.378,9.482,0.10325,,,360,0.021,28,3,,1500,1000,,
Rosa cymosa,Liu et al. (2010),20,,-2.344,5.684,0.0457375,,,360,0.021,28,3,,1500,1000,,
Rosa cymosa,Liu et al. (2010),20,,-2.658,3.18,0.0238875,,,360,0.021,28,3,,1500,1000,,
Rosa cymosa,Liu et al. (2010),20,,-3.88,1.626,0.0140875,,,360,0.021,28,3,,1500,1000,,
Rosa cymosa,Liu et al. (2010),20,,-1.446,8.454,0.0785,,,360,0.021,28,3,,1500,1000,,
Rosa cymosa,Liu et al. (2010),20,,-1.77,6.146,0.0431,,,360,0.021,28,3,,1500,1000,,
Rosa cymosa,Liu et al. (2010),20,,-2.142,3.652,0.016725,,,360,0.021,28,3,,1500,1000,,
Ficus tikoua,Liu et al. (2011),120,,-0.955,8.983,0.16125,,,360,0.021,28,3,,1500,1100,Growth PPFD = 300-1100 ,
Ficus tikoua,Liu et al. (2011),120,,-1.286,5.737,0.083125,,,360,0.021,28,3,,1500,1100,,
Ficus tikoua,Liu et al. (2011),120,,-1.677,4.028,0.06143125,,,360,0.021,28,3,,1500,1100,,
Ficus tikoua,Liu et al. (2011),120,,-2.043,1.0451,0.02564375,,,360,0.021,28,3,,1500,1100,,
Ficus tikoua,Liu et al. (2011),120,,-0.828,9.658,0.17125,,,360,0.021,28,3,,1500,1100,,
Ficus tikoua,Liu et al. (2011),120,,-1.184,6.305,0.0896875,,,360,0.021,28,3,,1500,1100,,
Ficus tikoua,Liu et al. (2011),120,,-1.442,4.543,0.0664875,,,360,0.021,28,3,,1500,1100,,
Ficus tikoua,Liu et al. (2011),120,,-1.887,1.647,0.03265625,,,360,0.021,28,3,,1500,1100,,
Ficus tikoua,Liu et al. (2011),120,,-0.933,9.263,0.165375,,,360,0.021,28,3,,1500,1100,,
Ficus tikoua,Liu et al. (2011),120,,-1.235,6.281,0.0946875,,,360,0.021,28,3,,1500,1100,,
Ficus tikoua,Liu et al. (2011),120,,-1.77,4.467,0.06424375,,,360,0.021,28,3,,1500,1100,,
Ficus tikoua,Liu et al. (2011),120,,-2.102,1.3282,0.04130625,,,360,0.021,28,3,,1500,1100,,
Ficus tikoua,Liu et al. (2011),120,,-0.812,8.916,0.1571875,,,360,0.021,28,3,,1500,1100,,
Ficus tikoua,Liu et al. (2011),120,,-1.269,6.173,0.091625,,,360,0.021,28,3,,1500,1100,,
Ficus tikoua,Liu et al. (2011),120,,-1.89,3.597,0.06946875,,,360,0.021,28,3,,1500,1100,,
Ficus tikoua,Liu et al. (2011),120,,-2.316,1.2362,0.0334375,,,360,0.021,28,3,,1500,1100,,
Pinus sylvestris,Salmon et al. (2020),42,W0,,2.06,0.00866,,,400,0.01527,20,3,0.75,800,800,,
Pinus sylvestris,Salmon et al. (2020),42,W2,-0.236,4.33,0.05589,,,400,0.0181,20,3,0.75,800,800,,
Pinus sylvestris,Salmon et al. (2020),42,W2,-0.53,6.47,0.0592,,,400,0.02113,20,3,0.75,800,800,,
Pinus sylvestris,Salmon et al. (2020),42,W5,-0.282,8.33,0.09282,,,400,0.01397,20,3,0.75,800,800,,
Pinus sylvestris,Salmon et al. (2020),42,W6,-0.473,8.41,0.09472,,,400,0.01334,20,3,0.75,800,800,,
Pinus sylvestris,Salmon et al. (2020),42,W6,-0.382,7.07,0.08879,,,400,0.01456,20,3,0.75,800,800,,
Picea abies,Salmon et al. (2020),42,W2,-0.57,3.55,0.0362,,,400,0.01412,20,3,0.57,800,800,,
Picea abies,Salmon et al. (2020),42,W2,-0.636,3.32,0.0268,,,400,0.01368,20,3,0.57,800,800,,
Picea abies,Salmon et al. (2020),42,W3,-0.445,2.41,0.0184,,,400,0.01054,20,3,0.57,800,800,,
Picea abies,Salmon et al. (2020),42,W3,-0.282,2.73,0.0204,,,400,0.01012,20,3,0.57,800,800,,
Picea abies,Salmon et al. (2020),42,W5,-0.768,3.91,0.0463,,,400,0.01413,20,3,0.57,800,800,,
Picea abies,Salmon et al. (2020),42,W5,-0.87,5.11,0.0593,,,400,0.01428,20,3,0.57,800,800,,
Picea abies,Salmon et al. (2020),42,W6,-0.48,2.23,,,,400,0.01384,20,3,0.57,800,800,,
Picea abies,Salmon et al. (2020),42,W6,-0.27,3.8,0.0272,,,400,0.01347,20,3,0.57,800,800,,
Picea abies,Salmon et al. (2020),42,W5,-0.4,2,0.0917,,,400,0.01209,20,3,0.57,800,800,,
Picea abies,Salmon et al. (2020),42,W5,-0.25,3.36,0.0301,,,400,0.01383,20,3,0.57,800,800,,
Populus tremula,Salmon et al. (2020),21,W1,-0.191,4.75,0.05952,,,400,0.01092,20,3,0.98,800,800,,
Populus tremula,Salmon et al. (2020),21,W1,0,8.72,0.16027,,,400,0.01006,20,3,0.98,800,800,,
Populus tremula,Salmon et al. (2020),21,W2,-0.958,7.71,0.0976,,,400,0.01535,20,3,0.98,800,800,,
Populus tremula,Salmon et al. (2020),21,W2,-0.11,5.55,0.06449,,,400,0.01363,20,3,0.98,800,800,,
Populus tremula,Salmon et al. (2020),21,W2,-0.28,6.34,0.06056,,,400,0.01378,20,3,0.98,800,800,,
Betula pendula,Salmon et al. (2020),28,W1,-0.692,6.99,0.06494,,,400,0.0133,20,3,0.55,800,800,,
Betula pendula,Salmon et al. (2020),28,W1,-0.349,4.81,0.05749,,,400,0.01436,20,3,0.55,800,800,,
Betula pendula,Salmon et al. (2020),28,W1,-0.556,7.56,0.12359,,,400,0.01332,20,3,0.55,800,800,,
Betula pendula,Salmon et al. (2020),28,W2,-0.36,5.26,0.06527,,,400,0.0144,20,3,0.55,800,800,,
Betula pendula,Salmon et al. (2020),28,W3,-0.505,5.2,0.06315,,,400,0.01357,20,3,0.55,800,800,,
Betula pendula,Salmon et al. (2020),28,W3,-0.35,4.88,0.04596,,,400,0.01379,20,3,0.55,800,800,,
Helianthus annuus,Tezara et al. (2008),12,,-3.043010753,0.665459732,0.019937695,,,360,0.00815,20,3,,1100,700,,
Helianthus annuus,Tezara et al. (2008),12,,-2.76344086,1.773644942,0.019937695,,,360,0.00815,20,3,,1100,700,,
Helianthus annuus,Tezara et al. (2008),12,,-2.752688172,1.058810621,0.069781931,,,360,0.00815,20,3,,1100,700,,
Helianthus annuus,Tezara et al. (2008),12,,-2.634408602,4.114000439,0.019937695,,,360,0.00815,20,3,,1100,700,,
Helianthus annuus,Tezara et al. (2008),12,,-2.623655914,1.052227343,0.069781931,,,360,0.00815,20,3,,1100,700,,
Helianthus annuus,Tezara et al. (2008),12,,-2.47311828,2.881281545,0.044859813,,,360,0.00815,20,3,,1100,700,,
Helianthus annuus,Tezara et al. (2008),12,,-2.215053763,0.929339478,0.019937695,,,360,0.00815,20,3,,1100,700,,
Helianthus annuus,Tezara et al. (2008),12,,-1.935483871,5.506912442,0.064797508,,,360,0.00815,20,3,,1100,700,,
Helianthus annuus,Tezara et al. (2008),12,,-1.795698925,3.356923415,0.044859813,,,360,0.00815,20,3,,1100,700,,
Helianthus annuus,Tezara et al. (2008),12,,-1.107526882,9.138139127,0.074766355,,,360,0.00815,20,3,,1100,700,,
Helianthus annuus,Tezara et al. (2008),12,,-1.107526882,7.403445249,0.144548287,,,360,0.00815,20,3,,1100,700,,
Helianthus annuus,Tezara et al. (2008),12,,-0.698924731,20.95402677,0.323987539,,,360,0.00815,20,3,,1100,700,,
Helianthus annuus,Tezara et al. (2008),12,,-0.698924731,17.17851657,0.368847352,,,360,0.00815,20,3,,1100,700,,
Helianthus annuus,Tezara et al. (2008),12,,-0.634408602,10.1344086,0.174454829,,,360,0.00815,20,3,,1100,700,,
Helianthus annuus,Tezara et al. (2008),12,,-0.559139785,23.70199693,0.259190031,,,360,0.00815,20,3,,1100,700,,
Helianthus annuus,Tezara et al. (2008),12,,-0.559139785,23.08975203,0.269158879,,,360,0.00815,20,3,,1100,700,,
Helianthus annuus,Tezara et al. (2008),12,,-0.559139785,19.41628264,0.762616822,,,360,0.00815,20,3,,1100,700,,
Helianthus annuus,Tezara et al. (2008),12,,-0.215053763,29.70484968,0.618068536,,,360,0.00815,20,3,,1100,700,,
Helianthus annuus,Tezara et al. (2008),12,,-0.215053763,26.74566601,1.046728972,,,360,0.00815,20,3,,1100,700,,
Helianthus annuus,Tezara et al. (2008),12,,-0.215053763,22.25587009,1.221183801,,,360,0.00815,20,3,,1100,700,,
Helianthus annuus,Tezara et al. (2008),12,,-0.150537634,27.66074172,1.091588785,,,360,0.00815,20,3,,1100,700,,
Phlomis italica,Galmes et al. (2007),17,,-0.325,16.9375,0.223125,249.240924092409,,400,0.012,26,3,,1500,600,,
Phlomis italica,Galmes et al. (2007),17,,-0.42,11.6725,0.17578125,243.960396039604,,400,0.012,26,3,,1500,600,,
Phlomis italica,Galmes et al. (2007),17,,-1.975,5.325,0.04059375,109.83498349835,,400,0.012,26,3,,1500,600,,
Phlomis italica,Galmes et al. (2007),17,,-5,0.817,0.0100625,14.7854785478546,,400,0.012,26,3,,1500,600,,
Cistus albidus,Galmes et al. (2007),17,,-0.5125,15.2625,0.19890625,175.313531353135,,400,0.012,26,3,,1500,600,,
Cistus albidus,Galmes et al. (2007),17,,-0.6825,12.9,0.1284375,168.976897689769,,400,0.012,26,3,,1500,600,,
Cistus albidus,Galmes et al. (2007),17,,-1.14,7.63,0.06471875,73.9273927392737,,400,0.012,26,3,,1500,600,,
Cistus albidus,Galmes et al. (2007),17,,-4.11666666666667,0.688,0.01371875,14.7854785478546,,400,0.012,26,3,,1500,600,,
Malva subovata,Galmes et al. (2007),17,,-0.4125,31.6428571428571,0.638958333333333,237.421036640408,,400,0.012,26,3,,1500,600,,
Malva subovata,Galmes et al. (2007),17,,-0.8875,31.7666666666667,0.471666666666667,314.311555753218,,400,0.012,26,3,,1500,600,,
Malva subovata,Galmes et al. (2007),17,,-1.525,16,0.134553571428571,223.733261705248,,400,0.012,26,3,,1500,600,,
Malva subovata,Galmes et al. (2007),17,,-3.5375,5.71166666666667,0.0324166666666667,58.4851540517572,,400,0.012,26,3,,1500,600,,
Hypericum balearicum,Galmes et al. (2007),17,,-0.38,12.5783333333333,0.206145833333333,258.660010578634,,400,0.012,26,3,,1500,600,,
Hypericum balearicum,Galmes et al. (2007),17,,-0.425,9.50375,0.186796875,244.842391470648,,400,0.012,26,3,,1500,600,,
Hypericum balearicum,Galmes et al. (2007),17,,-0.6575,7.05375,0.0939453125,88.4506672844818,,400,0.012,26,3,,1500,600,,
Hypericum balearicum,Galmes et al. (2007),17,,-2.9625,1.44525,0.014546875,27.1078802079007,,400,0.012,26,3,,1500,600,,
Pistacia lentiscus,Galmes et al. (2007),17,,-0.3,7.70833333333333,0.07646875,118.7226955408,,400,0.012,26,3,,1500,600,,
Pistacia lentiscus,Galmes et al. (2007),17,,-0.4525,6.44125,0.068921875,121.805711587975,,400,0.012,26,3,,1500,600,,
Pistacia lentiscus,Galmes et al. (2007),17,,-1.4875,4.575,0.0468984375,53.0687217775603,,400,0.012,26,3,,1500,600,,
Pistacia lentiscus,Galmes et al. (2007),17,,-4.55,0.4280125,0.00857421875,5.45542766968447,,400,0.012,26,3,,1500,600,,
Limonium magallufianum,Galmes et al. (2007),17,,-0.5325,15.425,0.15375,307.326732673267,,400,0.012,26,3,,1500,600,,
Limonium magallufianum,Galmes et al. (2007),17,,-0.5525,10.6275,0.07153125,293.597359735973,,400,0.012,26,3,,1500,600,,
Limonium magallufianum,Galmes et al. (2007),17,,-0.645,6.228,0.0338375,298.877887788779,,400,0.012,26,3,,1500,600,,
Limonium magallufianum,Galmes et al. (2007),17,,-1.375,1.64406,0.01063625,19.0099009900991,,400,0.012,26,3,,1500,600,,
Limonium gibertii,Galmes et al. (2007),17,,-0.55,13.96,0.11675,324.224422442244,,400,0.012,26,3,,1500,600,,
Limonium gibertii,Galmes et al. (2007),17,,-0.4875,12.248,0.0955875,287.260726072607,,400,0.012,26,3,,1500,600,,
Limonium gibertii,Galmes et al. (2007),17,,-0.6125,7.31,0.0419,297.821782178218,,400,0.012,26,3,,1500,600,,
Limonium gibertii,Galmes et al. (2007),17,,-1.05,2.70583333333333,0.0180625,26.4026402640263,,400,0.012,26,3,,1500,600,,
Diplotaxis ibicensis,Galmes et al. (2007),17,,-0.4325,26.5428571428571,0.31875,,,400,0.012,26,3,,1500,600,,
Diplotaxis ibicensis,Galmes et al. (2007),17,,-0.69,21.975,0.23546875,,,400,0.012,26,3,,1500,600,,
Diplotaxis ibicensis,Galmes et al. (2007),17,,-0.9375,12.0328571428571,0.0997232142857143,,,400,0.012,26,3,,1500,600,,
Diplotaxis ibicensis,Galmes et al. (2007),17,,-1,6.39125,0.036765625,,,400,0.012,26,3,,1500,600,,
Beta maritima subsp. marcosii,Galmes et al. (2007),17,,-0.33,19.775,0.28140625,,,400,0.012,26,3,,1500,600,,
Beta maritima subsp. marcosii,Galmes et al. (2007),17,,-0.445,21.3166666666667,0.318958333333333,,,400,0.012,26,3,,1500,600,,
Beta maritima subsp. marcosii,Galmes et al. (2007),17,,-0.8875,11.9416666666667,0.101583333333333,,,400,0.012,26,3,,1500,600,,
Beta maritima subsp. marcosii,Galmes et al. (2007),17,,-3.3375,0.402,0.00536354166666667,,,400,0.012,26,3,,1500,600,,
Beta maritima subsp. maritima,Galmes et al. (2007),17,,-0.3325,22.42,0.439875,,,400,0.012,26,3,,1500,600,,
Beta maritima subsp. maritima,Galmes et al. (2007),17,,-0.4375,22.6833333333333,0.369166666666667,,,400,0.012,26,3,,1500,600,,
Beta maritima subsp. maritima,Galmes et al. (2007),17,,-0.795,15.2733333333333,0.184270833333333,,,400,0.012,26,3,,1500,600,,
Beta maritima subsp. maritima,Galmes et al. (2007),17,,-3.7375,0.277254333333333,0.00491979166666667,,,400,0.012,26,3,,1500,600,,
Lysimachia minoricensis,Galmes et al. (2007),17,,-0.57,10.635,0.176328125,,,400,0.012,26,3,,1500,600,,
Lysimachia minoricensis,Galmes et al. (2007),17,,-1.1875,6.255,0.05965625,,,400,0.012,26,3,,1500,600,,
Lysimachia minoricensis,Galmes et al. (2007),17,,-1.305,6.435,0.041328125,,,400,0.012,26,3,,1500,600,,
Lysimachia minoricensis,Galmes et al. (2007),17,,-2.7875,4.05,0.035109375,,,400,0.012,26,3,,1500,600,,
